model,expiry,strike,bid,ask,mid,fit
MRLR,2026-10-21,10.0,7.5,7.65,7.575,4.402200324790297
MRLR,2026-10-21,10.5,7.0,7.15,7.075,4.144755842232629
MRLR,2026-10-21,11.0,6.5,6.65,6.575,3.9024113863801126
MRLR,2026-10-21,11.5,6.0,6.15,6.075,3.6744444019240983
MRLR,2026-10-21,12.0,5.5,5.65,5.575,3.460126376821205
MRLR,2026-10-21,12.5,5.0,5.15,5.075,3.258733385869195
MRLR,2026-10-21,13.0,4.5,4.65,4.575,3.069554160148774
MRLR,2026-10-21,13.5,4.0,4.15,4.075,2.8918961243811383
MRLR,2026-10-21,14.0,3.5,3.65,3.575,2.725089781500845
MRLR,2026-10-21,14.5,3.05,3.2,3.125,2.5684917652653447
MRLR,2026-10-21,15.0,2.6,2.72,2.66,2.4214868292472076
MRLR,2026-10-21,15.5,2.19,2.3,2.245,2.283488994645231
MRLR,2026-10-21,16.0,1.85,1.96,1.905,2.153942039900185
MRLR,2026-10-21,16.5,1.6,1.7,1.65,2.0323194816488654
MRLR,2026-10-21,17.0,1.45,1.52,1.4849999999999999,1.9181241684704877
MRLR,2026-10-21,17.5,1.28,1.37,1.3250000000000002,1.8108875854980164
MRLR,2026-10-21,18.0,1.18,1.26,1.22,1.7101689486234
MRLR,2026-10-21,18.5,1.08,1.16,1.12,1.6155541511098024
MRLR,2026-10-21,19.0,1.03,1.09,1.06,1.5266546123898597
MRLR,2026-10-21,19.5,0.93,1.01,0.97,1.4431060682000576
MRLR,2026-10-21,20.0,0.9,0.95,0.925,1.3645673325680066
MRLR,2026-10-21,20.5,0.82,0.89,0.855,1.2907190551837588
MRLR,2026-10-21,21.0,0.76,0.84,0.8,1.2212624920560464
MRLR,2026-10-21,21.5,0.75,0.79,0.77,1.1559183028347184
MRLR,2026-10-21,22.0,0.67,0.74,0.7050000000000001,1.0944253845689202
MRLR,2026-10-21,22.5,0.63,0.7,0.665,1.03653974879846
MRLR,2026-10-21,23.0,0.59,0.66,0.625,0.9820334466049921
MRLR,2026-10-21,23.5,0.55,0.62,0.585,0.9306935444663305
MRLR,2026-10-21,24.0,0.52,0.59,0.5549999999999999,0.8823211523679266
MRLR,2026-10-21,24.5,0.49,0.56,0.525,0.8367305045542195
MRLR,2026-10-21,25.0,0.47,0.53,0.5,0.7937480924865911
MRLR,2026-10-21,26.0,0.42,0.48,0.44999999999999996,0.714970381911038
MRLR,2026-10-21,27.0,0.37,0.44,0.405,0.6448153202934327
MRLR,2026-10-21,28.0,0.34,0.4,0.37,0.5822591048053946
MRLR,2026-10-21,29.0,0.31,0.37,0.33999999999999997,0.5264073345000904
MRLR,2026-10-21,30.0,0.28,0.34,0.31000000000000005,0.47647802321202476
MRLR,2026-10-21,31.0,0.26,0.31,0.28500000000000003,0.43178683909654747
MRLR,2026-10-21,32.0,0.24,0.29,0.265,0.39173430324247366
MRLR,2026-10-21,33.0,0.22,0.28,0.25,0.35579470097873495
MRLR,2026-10-21,34.0,0.2,0.26,0.23,0.32350648356418227
MRLR,2026-10-21,35.0,0.19,0.25,0.22,0.29446396248435097
MRLR,2026-10-21,36.0,0.18,0.23,0.20500000000000002,0.26831012217724204
MRLR,2026-10-21,37.0,0.17,0.22,0.195,0.24473039891596568
MRLR,2026-10-21,38.0,0.15,0.21,0.18,0.22344729344077485
MRLR,2026-10-21,39.0,0.14,0.2,0.17,0.20421570265788194
MRLR,2026-10-21,40.0,0.13,0.19,0.16,0.1868188713568913
MRLR,2026-10-21,42.5,0.11,0.17,0.14,0.15014732757186697
MRLR,2026-10-21,45.0,0.09,0.15,0.12,0.12134784946262814
MRLR,2026-10-21,47.5,0.08,0.13,0.10500000000000001,0.09859082982124362
MRLR,2026-10-21,50.0,0.06,0.11,0.08499999999999999,0.08050292093559931
MRLR,2026-10-21,55.0,0.04,0.09,0.065,0.05442980303094173
MRLR,2026-10-21,60.0,0.03,0.08,0.055,0.03743749714913527
MRLR,2026-10-21,65.0,0.02,0.07,0.045000000000000005,0.026153378337957688
MRLR,2026-10-21,70.0,0.01,0.06,0.034999999999999996,0.01853091772307357
MRLR,2026-10-21,85.0,0.01,0.04,0.025,0.007095026255912667
MRLR,2026-11-18,10.0,8.15,8.3,8.225000000000001,5.11526227022168
MRLR,2026-11-18,10.5,7.65,7.85,7.75,4.8948404274618476
MRLR,2026-11-18,11.0,7.15,7.35,7.25,4.6857788510130005
MRLR,2026-11-18,11.5,6.65,6.85,6.75,4.4874389303710895
MRLR,2026-11-18,12.0,6.2,6.35,6.275,4.299213449865651
MRLR,2026-11-18,12.5,5.7,5.85,5.775,4.1205269000890965
MRLR,2026-11-18,13.0,5.2,5.35,5.275,3.950835191478054
MRLR,2026-11-18,13.5,4.75,4.9,4.825,3.7896249464861813
MRLR,2026-11-18,14.0,4.25,4.45,4.35,3.63641250274513
MRLR,2026-11-18,14.5,3.85,4.0,3.925,3.4907427262242896
MRLR,2026-11-18,15.0,3.45,3.6,3.5250000000000004,3.3521877080848856
MRLR,2026-11-18,15.5,3.15,3.3,3.2249999999999996,3.2203453997265914
MRLR,2026-11-18,16.0,2.87,2.98,2.925,3.094838225970161
MRLR,2026-11-18,16.5,2.61,2.72,2.665,2.9753117052926012
MRLR,2026-11-18,17.0,2.41,2.52,2.465,2.86143309768848
MRLR,2026-11-18,17.5,2.25,2.33,2.29,2.752890094432261
MRLR,2026-11-18,18.0,2.09,2.19,2.1399999999999997,2.649389559276533
MRLR,2026-11-18,18.5,1.96,2.06,2.01,2.550656327069842
MRLR,2026-11-18,19.0,1.85,1.95,1.9,2.456432063134115
MRLR,2026-11-18,19.5,1.76,1.85,1.8050000000000002,2.3664741847899884
MRLR,2026-11-18,20.0,1.67,1.72,1.6949999999999998,2.2805548449945428
MRLR,2026-11-18,20.5,1.59,1.67,1.63,2.1984599770337865
MRLR,2026-11-18,21.0,1.51,1.6,1.5550000000000002,2.1199883984952863
MRLR,2026-11-18,21.5,1.44,1.53,1.4849999999999999,2.0449509722604295
MRLR,2026-11-18,22.0,1.38,1.46,1.42,1.9731698219441334
MRLR,2026-11-18,22.5,1.32,1.4,1.3599999999999999,1.9044775990285387
MRLR,2026-11-18,23.0,1.27,1.35,1.31,1.8387167988530335
MRLR,2026-11-18,23.5,1.21,1.29,1.25,1.7757391226098809
MRLR,2026-11-18,24.0,1.17,1.25,1.21,1.7154048825333763
MRLR,2026-11-18,24.5,1.12,1.2,1.1600000000000001,1.6575824475455072
MRLR,2026-11-18,25.0,1.08,1.15,1.115,1.60214772672135
MRLR,2026-11-18,26.0,1.0,1.08,1.04,1.4979799101254097
MRLR,2026-11-18,27.0,0.94,1.01,0.975,1.40204202615758
MRLR,2026-11-18,28.0,0.88,0.95,0.915,1.3135677402046273
MRLR,2026-11-18,29.0,0.82,0.89,0.855,1.2318725501081904
MRLR,2026-11-18,30.0,0.77,0.82,0.7949999999999999,1.1563440180543427
MRLR,2026-11-18,31.0,0.73,0.8,0.765,1.0864332723000696
MRLR,2026-11-18,32.0,0.69,0.75,0.72,1.0216476044250646
MRLR,2026-11-18,33.0,0.65,0.71,0.6799999999999999,0.9615440119189275
MRLR,2026-11-18,34.0,0.62,0.68,0.65,0.9057235569904555
MRLR,2026-11-18,35.0,0.58,0.65,0.615,0.8538264307452941
MRLR,2026-11-18,36.0,0.55,0.62,0.585,0.8055276276067644
MRLR,2026-11-18,37.0,0.52,0.59,0.5549999999999999,0.7605331483508412
MRLR,2026-11-18,38.0,0.5,0.56,0.53,0.7185766616784985
MRLR,2026-11-18,39.0,0.47,0.54,0.505,0.6794165641222014
MRLR,2026-11-18,40.0,0.45,0.51,0.48,0.6428333865160959
MRLR,2026-11-18,42.5,0.4,0.46,0.43000000000000005,0.5613828135422113
MRLR,2026-11-18,45.0,0.35,0.41,0.38,0.49217153086941223
MRLR,2026-11-18,47.5,0.32,0.38,0.35,0.4330724992114832
MRLR,2026-11-18,50.0,0.28,0.34,0.31000000000000005,0.3823773648976962
MRLR,2026-11-18,55.0,0.23,0.29,0.26,0.30093043225712923
MRLR,2026-11-18,60.0,0.2,0.26,0.23,0.2395585334873361
MRLR,2026-11-18,65.0,0.17,0.23,0.2,0.19266626165874973
MRLR,2026-11-18,70.0,0.14,0.2,0.17,0.1563892297830684
MRLR,2026-11-18,75.0,0.11,0.17,0.14,0.1280086162528061
MRLR,2026-11-18,80.0,0.09,0.15,0.12,0.10557952512203805
MRLR,2026-11-18,85.0,0.08,0.14,0.11000000000000001,0.08768969282205981
MRLR,2026-11-18,90.0,0.06,0.12,0.09,0.07329961004808405
MRLR,2026-11-18,95.0,0.05,0.11,0.08,0.06163462390773309
MRLR,2026-11-18,100.0,0.04,0.1,0.07,0.05211089419537867
MRLR,2026-11-18,110.0,0.03,0.09,0.06,0.03781149361292769
MRLR,2026-11-18,120.0,0.02,0.08,0.05,0.02792831542391974
MRLR,2026-11-18,130.0,0.01,0.07,0.04,0.020953932850230454
MRLR,2026-12-16,10.0,8.5,8.7,8.6,5.681678346802207
MRLR,2026-12-16,10.5,8.0,8.2,8.1,5.467240687242568
MRLR,2026-12-16,11.0,7.5,7.7,7.6,5.2631309406999955
MRLR,2026-12-16,11.5,7.05,7.2,7.125,5.068766555443888
MRLR,2026-12-16,12.0,6.55,6.75,6.65,4.8835982832099205
MRLR,2026-12-16,12.5,6.05,6.25,6.15,4.707109133421391
MRLR,2026-12-16,13.0,5.6,5.8,5.699999999999999,4.538813070529624
MRLR,2026-12-16,13.5,5.15,5.35,5.25,4.378253558065064
MRLR,2026-12-16,14.0,4.75,4.9,4.825,4.225002023633169
MRLR,2026-12-16,14.5,4.35,4.55,4.449999999999999,4.078656297582227
MRLR,2026-12-16,15.0,4.1,4.15,4.125,3.9388390623032477
MRLR,2026-12-16,16.0,3.4,3.6,3.5,3.6773960188421064
MRLR,2026-12-16,17.0,2.99,3.15,3.0700000000000003,3.4380952423660354
MRLR,2026-12-16,18.0,2.64,2.76,2.7,3.2186660634269786
MRLR,2026-12-16,19.0,2.38,2.49,2.435,3.0171058249021017
MRLR,2026-12-16,20.0,2.16,2.26,2.21,2.8316455312384146
MRLR,2026-12-16,21.0,1.97,2.07,2.02,2.660719847965587
MRLR,2026-12-16,22.0,1.81,1.91,1.8599999999999999,2.5029410447538654
MRLR,2026-12-16,23.0,1.67,1.76,1.7149999999999999,2.357076433762332
MRLR,2026-12-16,24.0,1.54,1.64,1.5899999999999999,2.2220288635916603
MRLR,2026-12-16,25.0,1.45,1.52,1.4849999999999999,2.096819861733257
MRLR,2026-12-16,26.0,1.33,1.42,1.375,1.9805750606733514
MRLR,2026-12-16,27.0,1.24,1.33,1.2850000000000001,1.8725115870969917
MRLR,2026-12-16,28.0,1.17,1.25,1.21,1.7719271360274398
MRLR,2026-12-16,29.0,1.1,1.18,1.1400000000000001,1.678190490418666
MRLR,2026-12-16,30.0,1.03,1.12,1.0750000000000002,1.5907332810373418
MRLR,2026-12-16,31.0,0.97,1.06,1.0150000000000001,1.50904281138882
MRLR,2026-12-16,32.0,0.92,1.0,0.96,1.4326557982309138
MRLR,2026-12-16,33.0,0.87,0.95,0.9099999999999999,1.361152900288093
MRLR,2026-12-16,34.0,0.83,0.91,0.87,1.2941539265761222
MRLR,2026-12-16,35.0,0.79,0.87,0.8300000000000001,1.2313136317125521
MRLR,2026-12-16,36.0,0.75,0.83,0.79,1.1723180191274807
MRLR,2026-12-16,37.0,0.72,0.79,0.755,1.116881084562915
MRLR,2026-12-16,38.0,0.69,0.76,0.725,1.064741941973249
MRLR,2026-12-16,39.0,0.66,0.73,0.6950000000000001,1.0156622821849282
MRLR,2026-12-16,40.0,0.63,0.7,0.665,0.9694241216713781
MRLR,2026-12-16,42.5,0.57,0.64,0.605,0.8649903794274085
MRLR,2026-12-16,45.0,0.51,0.58,0.5449999999999999,0.7744151345864299
MRLR,2026-12-16,47.5,0.46,0.53,0.495,0.6955092707446552
MRLR,2026-12-16,50.0,0.42,0.48,0.44999999999999996,0.6264841032075014
MRLR,2026-12-16,55.0,0.35,0.41,0.38,0.5124446708385042
MRLR,2026-12-16,60.0,0.29,0.36,0.32499999999999996,0.42328430873587697
MRLR,2026-12-16,65.0,0.26,0.32,0.29000000000000004,0.35270180205076485
MRLR,2026-12-16,70.0,0.22,0.28,0.25,0.29620291091984935
MRLR,2026-12-16,75.0,0.19,0.25,0.22,0.25052515588571794
MRLR,2026-12-16,80.0,0.16,0.22,0.19,0.21326269138984552
MRLR,2026-12-16,85.0,0.14,0.2,0.17,0.1826161689165569
MRLR,2026-12-16,90.0,0.12,0.18,0.15,0.15722259334466998
MRLR,2026-12-16,95.0,0.11,0.17,0.14,0.1360375004246637
MRLR,2026-12-16,100.0,0.09,0.15,0.12,0.11825203374448544
MRLR,2026-12-16,110.0,0.07,0.13,0.1,0.09048358427925428
MRLR,2026-12-16,120.0,0.06,0.11,0.08499999999999999,0.07027911365164083
MRLR,2026-12-16,130.0,0.04,0.1,0.07,0.05530860035882897
MRLR,2026-12-16,140.0,0.03,0.09,0.06,0.044037674809863835
MRLR,2026-12-16,150.0,0.02,0.08,0.05,0.035431138894082524
MRLR,2026-12-16,160.0,0.02,0.08,0.05,0.02877553094908791
MRLR,2026-12-16,170.0,0.01,0.07,0.04,0.02356974913591568
MRLR,2026-12-16,180.0,0.01,0.07,0.04,0.01945584740626412
MRLR,2027-01-20,10.0,9.15,9.35,9.25,6.500481067072538
MRLR,2027-01-20,10.5,8.65,8.9,8.775,6.269923563929494
MRLR,2027-01-20,11.0,8.2,8.4,8.3,6.0497736835448785
MRLR,2027-01-20,11.5,7.7,7.9,7.800000000000001,5.839489250681118
MRLR,2027-01-20,12.0,7.2,7.45,7.325,5.638554949856089
MRLR,2027-01-20,12.5,6.75,6.95,6.85,5.446482118034984
MRLR,2027-01-20,13.0,6.3,6.5,6.4,5.262808179786619
MRLR,2027-01-20,13.5,5.85,6.05,5.949999999999999,5.087095838383994
MRLR,2027-01-20,14.0,5.4,5.65,5.525,4.918932106865549
MRLR,2027-01-20,14.5,5.05,5.25,5.15,4.757927241051714
MRLR,2027-01-20,15.0,4.65,4.85,4.75,4.603713620022364
MRLR,2027-01-20,16.0,4.05,4.25,4.15,4.314293415905
MRLR,2027-01-20,17.0,3.55,3.75,3.65,4.048129955510661
MRLR,2027-01-20,18.0,3.2,3.35,3.2750000000000004,3.802964534725903
MRLR,2027-01-20,19.0,2.89,3.05,2.9699999999999998,3.5767888311217164
MRLR,2027-01-20,20.0,2.63,2.76,2.695,3.3678154828375395
MRLR,2027-01-20,21.0,2.42,2.54,2.48,3.174451814509581
MRLR,2027-01-20,22.0,2.23,2.35,2.29,2.9952765935590726
MRLR,2027-01-20,23.0,2.07,2.18,2.125,2.8290195879211666
MRLR,2027-01-20,24.0,1.92,2.03,1.9749999999999999,2.67454365147134
MRLR,2027-01-20,25.0,1.79,1.9,1.845,2.5308290557733075
MRLR,2027-01-20,26.0,1.67,1.78,1.725,2.3969597987668454
MRLR,2027-01-20,27.0,1.57,1.68,1.625,2.27211164248494
MRLR,2027-01-20,28.0,1.48,1.58,1.53,2.1555416570505836
MRLR,2027-01-20,29.0,1.39,1.49,1.44,2.046579073841318
MRLR,2027-01-20,30.0,1.31,1.41,1.3599999999999999,1.9446172751249238
MRLR,2027-01-20,31.0,1.24,1.34,1.29,1.8491067698467814
MRLR,2027-01-20,32.0,1.17,1.27,1.22,1.759549025279911
MRLR,2027-01-20,33.0,1.11,1.21,1.1600000000000001,1.6754910419070101
MRLR,2027-01-20,34.0,1.06,1.15,1.105,1.5965205743140505
MRLR,2027-01-20,35.0,1.01,1.1,1.0550000000000002,1.5222619142326952
MRLR,2027-01-20,36.0,0.96,1.05,1.005,1.4523721633954396
MRLR,2027-01-20,37.0,0.92,1.0,0.96,1.3865379337852068
MRLR,2027-01-20,38.0,0.88,0.96,0.9199999999999999,1.324472421379943
MRLR,2027-01-20,39.0,0.84,0.92,0.88,1.2659128068033272
MRLR,2027-01-20,40.0,0.8,0.89,0.845,1.2106179425645622
MRLR,2027-01-20,42.5,0.72,0.8,0.76,1.0852535549932805
MRLR,2027-01-20,45.0,0.66,0.7,0.6799999999999999,0.9759497213426921
MRLR,2027-01-20,47.5,0.6,0.67,0.635,0.8802491041655678
MRLR,2027-01-20,50.0,0.54,0.62,0.5800000000000001,0.7961308306134401
MRLR,2027-01-20,55.0,0.45,0.53,0.49,0.6562321777539708
MRLR,2027-01-20,60.0,0.38,0.46,0.42000000000000004,0.5459297492546449
MRLR,2027-01-20,65.0,0.33,0.4,0.365,0.45792864018859786
MRLR,2027-01-20,70.0,0.28,0.35,0.315,0.3869755026213347
MRLR,2027-01-20,75.0,0.25,0.32,0.28500000000000003,0.3292229005277872
MRLR,2027-01-20,80.0,0.21,0.28,0.245,0.2818103045083097
MRLR,2027-01-20,85.0,0.19,0.26,0.225,0.24258194996255217
MRLR,2027-01-20,90.0,0.16,0.23,0.195,0.209893189437915
MRLR,2027-01-20,95.0,0.14,0.21,0.175,0.18247527227220164
MRLR,2027-01-20,100.0,0.12,0.19,0.155,0.15933943599813724
MRLR,2027-01-20,110.0,0.1,0.17,0.135,0.12296360240814293
MRLR,2027-01-20,120.0,0.08,0.14,0.11000000000000001,0.0962586872302316
MRLR,2027-01-20,130.0,0.06,0.13,0.095,0.076307960481069
MRLR,2027-01-20,140.0,0.05,0.11,0.08,0.06117231836358354
MRLR,2027-01-20,150.0,0.03,0.1,0.065,0.04953198315688024
MRLR,2027-01-20,160.0,0.03,0.09,0.06,0.04046994314600057
MRLR,2027-01-20,170.0,0.02,0.09,0.055,0.03333724021998998
MRLR,2027-01-20,180.0,0.01,0.08,0.045,0.02766701576820956
MRLR,2027-01-20,190.0,0.01,0.08,0.045,0.02311841373268409
MRLRJ,2026-10-21,10.0,7.5,7.65,7.575,7.568915063632861
MRLRJ,2026-10-21,10.5,7.0,7.15,7.075,7.070239297957848
MRLRJ,2026-10-21,11.0,6.5,6.65,6.575,6.571563533664098
MRLRJ,2026-10-21,11.5,6.0,6.15,6.075,6.072887825526856
MRLRJ,2026-10-21,12.0,5.5,5.65,5.575,5.57421342357556
MRLRJ,2026-10-21,12.5,5.0,5.15,5.075,5.0755574850801235
MRLRJ,2026-10-21,13.0,4.5,4.65,4.575,4.577068580032661
MRLRJ,2026-10-21,13.5,4.0,4.15,4.075,4.079591035765127
MRLRJ,2026-10-21,14.0,3.5,3.65,3.575,3.586375081280448
MRLRJ,2026-10-21,14.5,3.05,3.2,3.125,3.1060932386543327
MRLRJ,2026-10-21,15.0,2.6,2.72,2.66,2.6549664731751794
MRLRJ,2026-10-21,15.5,2.19,2.3,2.245,2.2540217927860113
MRLRJ,2026-10-21,16.0,1.85,1.96,1.905,1.9207460019073461
MRLRJ,2026-10-21,16.5,1.6,1.7,1.65,1.660748631816572
MRLRJ,2026-10-21,17.0,1.45,1.52,1.4849999999999999,1.4661282127689326
MRLRJ,2026-10-21,17.5,1.28,1.37,1.3250000000000002,1.3210112164859307
MRLRJ,2026-10-21,18.0,1.18,1.26,1.22,1.2089918795785095
MRLRJ,2026-10-21,18.5,1.08,1.16,1.12,1.117665100491057
MRLRJ,2026-10-21,19.0,1.03,1.09,1.06,1.0394016259560728
MRLRJ,2026-10-21,19.5,0.93,1.01,0.97,0.9700937050549465
MRLRJ,2026-10-21,20.0,0.9,0.95,0.925,0.9076276660295073
MRLRJ,2026-10-21,20.5,0.82,0.89,0.855,0.8508391736515954
MRLRJ,2026-10-21,21.0,0.76,0.84,0.8,0.798976658675442
MRLRJ,2026-10-21,21.5,0.75,0.79,0.77,0.7514732210031021
MRLRJ,2026-10-21,22.0,0.67,0.74,0.7050000000000001,0.7078601748411845
MRLRJ,2026-10-21,22.5,0.63,0.7,0.665,0.667734485726224
MRLRJ,2026-10-21,23.0,0.59,0.66,0.625,0.6307443473110532
MRLRJ,2026-10-21,23.5,0.55,0.62,0.585,0.5965807027211032
MRLRJ,2026-10-21,24.0,0.52,0.59,0.5549999999999999,0.5649710237316314
MRLRJ,2026-10-21,24.5,0.49,0.56,0.525,0.5356742709639489
MRLRJ,2026-10-21,25.0,0.47,0.53,0.5,0.508476672899593
MRLRJ,2026-10-21,26.0,0.42,0.48,0.44999999999999996,0.459639275243124
MRLRJ,2026-10-21,27.0,0.37,0.44,0.405,0.4171707544319386
MRLRJ,2026-10-21,28.0,0.34,0.4,0.37,0.3800386256486769
MRLRJ,2026-10-21,29.0,0.31,0.37,0.33999999999999997,0.34740811871776495
MRLRJ,2026-10-21,30.0,0.28,0.34,0.31000000000000005,0.31859891549088964
MRLRJ,2026-10-21,31.0,0.26,0.31,0.28500000000000003,0.29305245591952483
MRLRJ,2026-10-21,32.0,0.24,0.29,0.265,0.27030697919699814
MRLRJ,2026-10-21,33.0,0.22,0.28,0.25,0.24997828935734737
MRLRJ,2026-10-21,34.0,0.2,0.26,0.23,0.23174480142299952
MRLRJ,2026-10-21,35.0,0.19,0.25,0.22,0.21533581948134822
MRLRJ,2026-10-21,36.0,0.18,0.23,0.20500000000000002,0.20052227711672374
MRLRJ,2026-10-21,37.0,0.17,0.22,0.195,0.18710936984967977
MRLRJ,2026-10-21,38.0,0.15,0.21,0.18,0.17493065297083424
MRLRJ,2026-10-21,39.0,0.14,0.2,0.17,0.1638432828952936
MRLRJ,2026-10-21,40.0,0.13,0.19,0.16,0.15372415719731736
MRLRJ,2026-10-21,42.5,0.11,0.17,0.14,0.13199738283582815
MRLRJ,2026-10-21,45.0,0.09,0.15,0.12,0.11437242968560359
MRLRJ,2026-10-21,47.5,0.08,0.13,0.10500000000000001,0.09990128525729695
MRLRJ,2026-10-21,50.0,0.06,0.11,0.08499999999999999,0.08789109922180048
MRLRJ,2026-10-21,55.0,0.04,0.09,0.065,0.06931923295396265
MRLRJ,2026-10-21,60.0,0.03,0.08,0.055,0.055850658823022405
MRLRJ,2026-10-21,65.0,0.02,0.07,0.045000000000000005,0.04580848661121769
MRLRJ,2026-10-21,70.0,0.01,0.06,0.034999999999999996,0.03814436968652185
MRLRJ,2026-10-21,85.0,0.01,0.04,0.025,0.0236527464700585
MRLRJ,2026-11-18,10.0,8.15,8.3,8.225000000000001,8.248860424371234
MRLRJ,2026-11-18,10.5,7.65,7.85,7.75,7.751891187118616
MRLRJ,2026-11-18,11.0,7.15,7.35,7.25,7.254951447662005
MRLRJ,2026-11-18,11.5,6.65,6.85,6.75,6.758169484334363
MRLRJ,2026-11-18,12.0,6.2,6.35,6.275,6.262030856728065
MRLRJ,2026-11-18,12.5,5.7,5.85,5.775,5.76795167057312
MRLRJ,2026-11-18,13.0,5.2,5.35,5.275,5.2791825139950745
MRLRJ,2026-11-18,13.5,4.75,4.9,4.825,4.801691406677185
MRLRJ,2026-11-18,14.0,4.25,4.45,4.35,4.344327456282856
MRLRJ,2026-11-18,14.5,3.85,4.0,3.925,3.9176843986801337
MRLRJ,2026-11-18,15.0,3.45,3.6,3.5250000000000004,3.5317918928269654
MRLRJ,2026-11-18,15.5,3.15,3.3,3.2249999999999996,3.193571270943891
MRLRJ,2026-11-18,16.0,2.87,2.98,2.925,2.9052201137910347
MRLRJ,2026-11-18,16.5,2.61,2.72,2.665,2.664155247923303
MRLRJ,2026-11-18,17.0,2.41,2.52,2.465,2.464302016956464
MRLRJ,2026-11-18,17.5,2.25,2.33,2.29,2.297968330412418
MRLRJ,2026-11-18,18.0,2.09,2.19,2.1399999999999997,2.1575267442733854
MRLRJ,2026-11-18,18.5,1.96,2.06,2.01,2.0364734382916936
MRLRJ,2026-11-18,19.0,1.85,1.95,1.9,1.929824063783754
MRLRJ,2026-11-18,19.5,1.76,1.85,1.8050000000000002,1.8340405067826313
MRLRJ,2026-11-18,20.0,1.67,1.72,1.6949999999999998,1.7467326189414745
MRLRJ,2026-11-18,20.5,1.59,1.67,1.63,1.6663185795159188
MRLRJ,2026-11-18,21.0,1.51,1.6,1.5550000000000002,1.5917396437397284
MRLRJ,2026-11-18,21.5,1.44,1.53,1.4849999999999999,1.522257101955509
MRLRJ,2026-11-18,22.0,1.38,1.46,1.42,1.4573229624611763
MRLRJ,2026-11-18,22.5,1.32,1.4,1.3599999999999999,1.3965038712582627
MRLRJ,2026-11-18,23.0,1.27,1.35,1.31,1.3394386769231421
MRLRJ,2026-11-18,23.5,1.21,1.29,1.25,1.2858153477211391
MRLRJ,2026-11-18,24.0,1.17,1.25,1.21,1.23535828176485
MRLRJ,2026-11-18,24.5,1.12,1.2,1.1600000000000001,1.1878209487277904
MRLRJ,2026-11-18,25.0,1.08,1.15,1.115,1.1429812152832506
MRLRJ,2026-11-18,26.0,1.0,1.08,1.04,1.0606089514659116
MRLRJ,2026-11-18,27.0,0.94,1.01,0.975,0.9868435399878032
MRLRJ,2026-11-18,28.0,0.88,0.95,0.915,0.920523774133482
MRLRJ,2026-11-18,29.0,0.82,0.89,0.855,0.8606782797463457
MRLRJ,2026-11-18,30.0,0.77,0.82,0.7949999999999999,0.8064893615562222
MRLRJ,2026-11-18,31.0,0.73,0.8,0.765,0.7572646775423394
MRLRJ,2026-11-18,32.0,0.69,0.75,0.72,0.7124148335133089
MRLRJ,2026-11-18,33.0,0.65,0.71,0.6799999999999999,0.6714355201665353
MRLRJ,2026-11-18,34.0,0.62,0.68,0.65,0.6338931684475456
MRLRJ,2026-11-18,35.0,0.58,0.65,0.615,0.5994133521983095
MRLRJ,2026-11-18,36.0,0.55,0.62,0.585,0.5676713522671463
MRLRJ,2026-11-18,37.0,0.52,0.59,0.5549999999999999,0.5383844332408697
MRLRJ,2026-11-18,38.0,0.5,0.56,0.53,0.5113054862344415
MRLRJ,2026-11-18,39.0,0.47,0.54,0.505,0.48621776817791856
MRLRJ,2026-11-18,40.0,0.45,0.51,0.48,0.46293052648112887
MRLRJ,2026-11-18,42.5,0.4,0.46,0.43000000000000005,0.41153102360239263
MRLRJ,2026-11-18,45.0,0.35,0.41,0.38,0.36822944320170303
MRLRJ,2026-11-18,47.5,0.32,0.38,0.35,0.3314089632164701
MRLRJ,2026-11-18,50.0,0.28,0.34,0.31000000000000005,0.2998373412070104
MRLRJ,2026-11-18,55.0,0.23,0.29,0.26,0.24883741338570006
MRLRJ,2026-11-18,60.0,0.2,0.26,0.23,0.20979559498118736
MRLRJ,2026-11-18,65.0,0.17,0.23,0.2,0.17924635282429366
MRLRJ,2026-11-18,70.0,0.14,0.2,0.17,0.15489469390427105
MRLRJ,2026-11-18,75.0,0.11,0.17,0.14,0.1351717165599526
MRLRJ,2026-11-18,80.0,0.09,0.15,0.12,0.11897533977579908
MRLRJ,2026-11-18,85.0,0.08,0.14,0.11000000000000001,0.10551298263665995
MRLRJ,2026-11-18,90.0,0.06,0.12,0.09,0.09420281197914118
MRLRJ,2026-11-18,95.0,0.05,0.11,0.08,0.08460989600249386
MRLRJ,2026-11-18,100.0,0.04,0.1,0.07,0.07640383999354664
MRLRJ,2026-11-18,110.0,0.03,0.09,0.06,0.06318965746928543
MRLRJ,2026-11-18,120.0,0.02,0.08,0.05,0.05311286707918827
MRLRJ,2026-11-18,130.0,0.01,0.07,0.04,0.04525499130224162
MRLRJ,2026-12-16,10.0,8.5,8.7,8.6,8.604319024407895
MRLRJ,2026-12-16,10.5,8.0,8.2,8.1,8.109319159108392
MRLRJ,2026-12-16,11.0,7.5,7.7,7.6,7.615009599964239
MRLRJ,2026-12-16,11.5,7.05,7.2,7.125,7.1225433983624455
MRLRJ,2026-12-16,12.0,6.55,6.75,6.65,6.634224832812809
MRLRJ,2026-12-16,12.5,6.05,6.25,6.15,6.1539229438937815
MRLRJ,2026-12-16,13.0,5.6,5.8,5.699999999999999,5.687157259264918
MRLRJ,2026-12-16,13.5,5.15,5.35,5.25,5.240655766564167
MRLRJ,2026-12-16,14.0,4.75,4.9,4.825,4.821405575676281
MRLRJ,2026-12-16,14.5,4.35,4.55,4.449999999999999,4.435465905406224
MRLRJ,2026-12-16,15.0,4.1,4.15,4.125,4.086934330621233
MRLRJ,2026-12-16,16.0,3.4,3.6,3.5,3.5058859570572243
MRLRJ,2026-12-16,17.0,2.99,3.15,3.0700000000000003,3.064055982917181
MRLRJ,2026-12-16,18.0,2.64,2.76,2.7,2.727360729339202
MRLRJ,2026-12-16,19.0,2.38,2.49,2.435,2.4619270421649126
MRLRJ,2026-12-16,20.0,2.16,2.26,2.21,2.243542634717022
MRLRJ,2026-12-16,21.0,1.97,2.07,2.02,2.057624045929821
MRLRJ,2026-12-16,22.0,1.81,1.91,1.8599999999999999,1.8958738390891972
MRLRJ,2026-12-16,23.0,1.67,1.76,1.7149999999999999,1.7533502588568555
MRLRJ,2026-12-16,24.0,1.54,1.64,1.5899999999999999,1.6267738956208813
MRLRJ,2026-12-16,25.0,1.45,1.52,1.4849999999999999,1.5137254338093507
MRLRJ,2026-12-16,26.0,1.33,1.42,1.375,1.4122939429683707
MRLRJ,2026-12-16,27.0,1.24,1.33,1.2850000000000001,1.320915851897448
MRLRJ,2026-12-16,28.0,1.17,1.25,1.21,1.2382891669748426
MRLRJ,2026-12-16,29.0,1.1,1.18,1.1400000000000001,1.1633188429907089
MRLRJ,2026-12-16,30.0,1.03,1.12,1.0750000000000002,1.095077394386831
MRLRJ,2026-12-16,31.0,0.97,1.06,1.0150000000000001,1.0327746634292796
MRLRJ,2026-12-16,32.0,0.92,1.0,0.96,0.9757339539152639
MRLRJ,2026-12-16,33.0,0.87,0.95,0.9099999999999999,0.9233729238905656
MRLRJ,2026-12-16,34.0,0.83,0.91,0.87,0.8751881515901041
MRLRJ,2026-12-16,35.0,0.79,0.87,0.8300000000000001,0.830742580446017
MRLRJ,2026-12-16,36.0,0.75,0.83,0.79,0.7896552422785584
MRLRJ,2026-12-16,37.0,0.72,0.79,0.755,0.7515927966555297
MRLRJ,2026-12-16,38.0,0.69,0.76,0.725,0.7162625276511267
MRLRJ,2026-12-16,39.0,0.66,0.73,0.6950000000000001,0.6834065172496046
MRLRJ,2026-12-16,40.0,0.63,0.7,0.665,0.652796774182972
MRLRJ,2026-12-16,42.5,0.57,0.64,0.605,0.5848275480498167
MRLRJ,2026-12-16,45.0,0.51,0.58,0.5449999999999999,0.5270916835209477
MRLRJ,2026-12-16,47.5,0.46,0.53,0.495,0.4776170628239182
MRLRJ,2026-12-16,50.0,0.42,0.48,0.44999999999999996,0.4348871645544968
MRLRJ,2026-12-16,55.0,0.35,0.41,0.38,0.3651825938944659
MRLRJ,2026-12-16,60.0,0.29,0.36,0.32499999999999996,0.3111657388596503
MRLRJ,2026-12-16,65.0,0.26,0.32,0.29000000000000004,0.2684302384657269
MRLRJ,2026-12-16,70.0,0.22,0.28,0.25,0.23402087476594405
MRLRJ,2026-12-16,75.0,0.19,0.25,0.22,0.20589415038280098
MRLRJ,2026-12-16,80.0,0.16,0.22,0.19,0.18259954591051425
MRLRJ,2026-12-16,85.0,0.14,0.2,0.17,0.16308385033728012
MRLRJ,2026-12-16,90.0,0.12,0.18,0.15,0.14656702528428342
MRLRJ,2026-12-16,95.0,0.11,0.17,0.14,0.13246116006479317
MRLRJ,2026-12-16,100.0,0.09,0.15,0.12,0.12031620771371346
MRLRJ,2026-12-16,110.0,0.07,0.13,0.1,0.10058644601704253
MRLRJ,2026-12-16,120.0,0.06,0.11,0.08499999999999999,0.08537448111575992
MRLRJ,2026-12-16,130.0,0.04,0.1,0.07,0.07339333487840241
MRLRJ,2026-12-16,140.0,0.03,0.09,0.06,0.06378498461862471
MRLRJ,2026-12-16,150.0,0.02,0.08,0.05,0.05595922933180128
MRLRJ,2026-12-16,160.0,0.02,0.08,0.05,0.04949909538520339
MRLRJ,2026-12-16,170.0,0.01,0.07,0.04,0.04410310160415317
MRLRJ,2026-12-16,180.0,0.01,0.07,0.04,0.0395488203442778
MRLRJ,2027-01-20,10.0,9.15,9.35,9.25,9.285847711196112
MRLRJ,2027-01-20,10.5,8.65,8.9,8.775,8.792803209675698
MRLRJ,2027-01-20,11.0,8.2,8.4,8.3,8.300142012016554
MRLRJ,2027-01-20,11.5,7.7,7.9,7.800000000000001,7.808674420647384
MRLRJ,2027-01-20,12.0,7.2,7.45,7.325,7.320249189594506
MRLRJ,2027-01-20,12.5,6.75,6.95,6.85,6.838315792828025
MRLRJ,2027-01-20,13.0,6.3,6.5,6.4,6.368209604098068
MRLRJ,2027-01-20,13.5,5.85,6.05,5.949999999999999,5.916823373263488
MRLRJ,2027-01-20,14.0,5.4,5.65,5.525,5.491581507459468
MRLRJ,2027-01-20,14.5,5.05,5.25,5.15,5.099014532173782
MRLRJ,2027-01-20,15.0,4.65,4.85,4.75,4.7434699335904424
MRLRJ,2027-01-20,16.0,4.05,4.25,4.15,4.146586714539314
MRLRJ,2027-01-20,17.0,3.55,3.75,3.65,3.6837783535937683
MRLRJ,2027-01-20,18.0,3.2,3.35,3.2750000000000004,3.3192215741565607
MRLRJ,2027-01-20,19.0,2.89,3.05,2.9699999999999998,3.0207377321732753
MRLRJ,2027-01-20,20.0,2.63,2.76,2.695,2.7673998550784122
MRLRJ,2027-01-20,21.0,2.42,2.54,2.48,2.547303339905047
MRLRJ,2027-01-20,22.0,2.23,2.35,2.29,2.3535513919698112
MRLRJ,2027-01-20,23.0,2.07,2.18,2.125,2.18164773835822
MRLRJ,2027-01-20,24.0,1.92,2.03,1.9749999999999999,2.028279886530448
MRLRJ,2027-01-20,25.0,1.79,1.9,1.845,1.8908211012502476
MRLRJ,2027-01-20,26.0,1.67,1.78,1.725,1.7671165854228361
MRLRJ,2027-01-20,27.0,1.57,1.68,1.625,1.655371143459774
MRLRJ,2027-01-20,28.0,1.48,1.58,1.53,1.5540759481373037
MRLRJ,2027-01-20,29.0,1.39,1.49,1.44,1.4619545024383114
MRLRJ,2027-01-20,30.0,1.31,1.41,1.3599999999999999,1.3779206822343113
MRLRJ,2027-01-20,31.0,1.24,1.34,1.29,1.3010454883988263
MRLRJ,2027-01-20,32.0,1.17,1.27,1.22,1.2305304197717932
MRLRJ,2027-01-20,33.0,1.11,1.21,1.1600000000000001,1.1656859841259177
MRLRJ,2027-01-20,34.0,1.06,1.15,1.105,1.105914239615811
MRLRJ,2027-01-20,35.0,1.01,1.1,1.0550000000000002,1.0506945231413851
MRLRJ,2027-01-20,36.0,0.96,1.05,1.005,0.9995717162456247
MRLRJ,2027-01-20,37.0,0.92,1.0,0.96,0.9521465445972902
MRLRJ,2027-01-20,38.0,0.88,0.96,0.9199999999999999,0.9080675171510945
MRLRJ,2027-01-20,39.0,0.84,0.92,0.88,0.8670241950179183
MRLRJ,2027-01-20,40.0,0.8,0.89,0.845,0.8287415445798452
MRLRJ,2027-01-20,42.5,0.72,0.8,0.76,0.7435737303556618
MRLRJ,2027-01-20,45.0,0.66,0.7,0.6799999999999999,0.6710481830321426
MRLRJ,2027-01-20,47.5,0.6,0.67,0.635,0.6087624534460087
MRLRJ,2027-01-20,50.0,0.54,0.62,0.5800000000000001,0.5548616207734379
MRLRJ,2027-01-20,55.0,0.45,0.53,0.49,0.4667126287113341
MRLRJ,2027-01-20,60.0,0.38,0.46,0.42000000000000004,0.3982036693940428
MRLRJ,2027-01-20,65.0,0.33,0.4,0.365,0.3438727594014794
MRLRJ,2027-01-20,70.0,0.28,0.35,0.315,0.3000397209541997
MRLRJ,2027-01-20,75.0,0.25,0.32,0.28500000000000003,0.2641497736599588
MRLRJ,2027-01-20,80.0,0.21,0.28,0.245,0.23438338884945045
MRLRJ,2027-01-20,85.0,0.19,0.26,0.225,0.2094155853441794
MRLRJ,2027-01-20,90.0,0.16,0.23,0.195,0.18826256028773802
MRLRJ,2027-01-20,95.0,0.14,0.21,0.175,0.1701811789102884
MRLRJ,2027-01-20,100.0,0.12,0.19,0.155,0.15460145279590623
MRLRJ,2027-01-20,110.0,0.1,0.17,0.135,0.12926842311447184
MRLRJ,2027-01-20,120.0,0.08,0.14,0.11000000000000001,0.10971688138633197
MRLRJ,2027-01-20,130.0,0.06,0.13,0.095,0.09430654908296279
MRLRJ,2027-01-20,140.0,0.05,0.11,0.08,0.08194155456278612
MRLRJ,2027-01-20,150.0,0.03,0.1,0.065,0.07186678328182075
MRLRJ,2027-01-20,160.0,0.03,0.09,0.06,0.06354798447467794
MRLRJ,2027-01-20,170.0,0.02,0.09,0.055,0.05659841965363509
MRLRJ,2027-01-20,180.0,0.01,0.08,0.045,0.05073247273361653
MRLRJ,2027-01-20,190.0,0.01,0.08,0.045,0.04573545146342547
MRLRSV,2026-10-21,10.0,7.5,7.65,7.575,7.5632868502143396
MRLRSV,2026-10-21,10.5,7.0,7.15,7.075,7.064646508293171
MRLRSV,2026-10-21,11.0,6.5,6.65,6.575,6.566002172767207
MRLRSV,2026-10-21,11.5,6.0,6.15,6.075,6.067965287892754
MRLRSV,2026-10-21,12.0,5.5,5.65,5.575,5.570901989748976
MRLRSV,2026-10-21,12.5,5.0,5.15,5.075,5.075345350980776
MRLRSV,2026-10-21,13.0,4.5,4.65,4.575,4.582212704660425
MRLRSV,2026-10-21,13.5,4.0,4.15,4.075,4.092891869588305
MRLRSV,2026-10-21,14.0,3.5,3.65,3.575,3.609365620428157
MRLRSV,2026-10-21,14.5,3.05,3.2,3.125,3.1348261399820787
MRLRSV,2026-10-21,15.0,2.6,2.72,2.66,2.6755320382968972
MRLRSV,2026-10-21,15.5,2.19,2.3,2.245,2.2445112239595795
MRLRSV,2026-10-21,16.0,1.85,1.96,1.905,1.8716007475660765
MRLRSV,2026-10-21,16.5,1.6,1.7,1.65,1.6201600844970854
MRLRSV,2026-10-21,17.0,1.45,1.52,1.4849999999999999,1.459811609495285
MRLRSV,2026-10-21,17.5,1.28,1.37,1.3250000000000002,1.3336666618512403
MRLRSV,2026-10-21,18.0,1.18,1.26,1.22,1.227714808689805
MRLRSV,2026-10-21,18.5,1.08,1.16,1.12,1.132997773684693
MRLRSV,2026-10-21,19.0,1.03,1.09,1.06,1.0512121080378878
MRLRSV,2026-10-21,19.5,0.93,1.01,0.97,0.9791842034900844
MRLRSV,2026-10-21,20.0,0.9,0.95,0.925,0.9118991932750544
MRLRSV,2026-10-21,20.5,0.82,0.89,0.855,0.8547014593410579
MRLRSV,2026-10-21,21.0,0.76,0.84,0.8,0.8000068822768607
MRLRSV,2026-10-21,21.5,0.75,0.79,0.77,0.7519283186183368
MRLRSV,2026-10-21,22.0,0.67,0.74,0.7050000000000001,0.707766990061421
MRLRSV,2026-10-21,22.5,0.63,0.7,0.665,0.6664140659027923
MRLRSV,2026-10-21,23.0,0.59,0.66,0.625,0.6302480163412493
MRLRSV,2026-10-21,23.5,0.55,0.62,0.585,0.5945613730653696
MRLRSV,2026-10-21,24.0,0.52,0.59,0.5549999999999999,0.5643335236667478
MRLRSV,2026-10-21,24.5,0.49,0.56,0.525,0.5335823623558877
MRLRSV,2026-10-21,25.0,0.47,0.53,0.5,0.5077468610901364
MRLRSV,2026-10-21,26.0,0.42,0.48,0.44999999999999996,0.45866441648572
MRLRSV,2026-10-21,27.0,0.37,0.44,0.405,0.4157079343939185
MRLRSV,2026-10-21,28.0,0.34,0.4,0.37,0.37816336701836634
MRLRSV,2026-10-21,29.0,0.31,0.37,0.33999999999999997,0.3459706038196036
MRLRSV,2026-10-21,30.0,0.28,0.34,0.31000000000000005,0.3186894991913987
MRLRSV,2026-10-21,31.0,0.26,0.31,0.28500000000000003,0.2941374750126548
MRLRSV,2026-10-21,32.0,0.24,0.29,0.265,0.27015464337946543
MRLRSV,2026-10-21,33.0,0.22,0.28,0.25,0.2487520262642108
MRLRSV,2026-10-21,34.0,0.2,0.26,0.23,0.2324332367489274
MRLRSV,2026-10-21,35.0,0.19,0.25,0.22,0.2165137449198457
MRLRSV,2026-10-21,36.0,0.18,0.23,0.20500000000000002,0.1994717148631938
MRLRSV,2026-10-21,37.0,0.17,0.22,0.195,0.18782171627514127
MRLRSV,2026-10-21,38.0,0.15,0.21,0.18,0.17600994235863293
MRLRSV,2026-10-21,39.0,0.14,0.2,0.17,0.1627832536627342
MRLRSV,2026-10-21,40.0,0.13,0.19,0.16,0.15540932439604366
MRLRSV,2026-10-21,42.5,0.11,0.17,0.14,0.13079900762941002
MRLRSV,2026-10-21,45.0,0.09,0.15,0.12,0.11575266306613276
MRLRSV,2026-10-21,47.5,0.08,0.13,0.10500000000000001,0.10092299609345964
MRLRSV,2026-10-21,50.0,0.06,0.11,0.08499999999999999,0.08675594901847113
MRLRSV,2026-10-21,55.0,0.04,0.09,0.065,0.06847494351883872
MRLRSV,2026-10-21,60.0,0.03,0.08,0.055,0.05571024972252977
MRLRSV,2026-10-21,65.0,0.02,0.07,0.045000000000000005,0.044567335957705095
MRLRSV,2026-10-21,70.0,0.01,0.06,0.034999999999999996,0.036120473289408365
MRLRSV,2026-10-21,85.0,0.01,0.04,0.025,0.025486138034087353
MRLRSV,2026-11-18,10.0,8.15,8.3,8.225000000000001,8.217160921091848
MRLRSV,2026-11-18,10.5,7.65,7.85,7.75,7.723348835903116
MRLRSV,2026-11-18,11.0,7.15,7.35,7.25,7.2312167899352335
MRLRSV,2026-11-18,11.5,6.65,6.85,6.75,6.741510024865908
MRLRSV,2026-11-18,12.0,6.2,6.35,6.275,6.255253915764677
MRLRSV,2026-11-18,12.5,5.7,5.85,5.775,5.7738541974799835
MRLRSV,2026-11-18,13.0,5.2,5.35,5.275,5.299247508566688
MRLRSV,2026-11-18,13.5,4.75,4.9,4.825,4.834144896697451
MRLRSV,2026-11-18,14.0,4.25,4.45,4.35,4.382452009910023
MRLRSV,2026-11-18,14.5,3.85,4.0,3.925,3.950019048395458
MRLRSV,2026-11-18,15.0,3.45,3.6,3.5250000000000004,3.5459037137100626
MRLRSV,2026-11-18,15.5,3.15,3.3,3.2249999999999996,3.183706253436353
MRLRSV,2026-11-18,16.0,2.87,2.98,2.925,2.8790754380431562
MRLRSV,2026-11-18,16.5,2.61,2.72,2.665,2.6373819437825934
MRLRSV,2026-11-18,17.0,2.41,2.52,2.465,2.4466513120931057
MRLRSV,2026-11-18,17.5,2.25,2.33,2.29,2.290381371005424
MRLRSV,2026-11-18,18.0,2.09,2.19,2.1399999999999997,2.1569956412207474
MRLRSV,2026-11-18,18.5,1.96,2.06,2.01,2.039673844324383
MRLRSV,2026-11-18,19.0,1.85,1.95,1.9,1.93439530106525
MRLRSV,2026-11-18,19.5,1.76,1.85,1.8050000000000002,1.8386702381508702
MRLRSV,2026-11-18,20.0,1.67,1.72,1.6949999999999998,1.750846467723163
MRLRSV,2026-11-18,20.5,1.59,1.67,1.63,1.6697617009176176
MRLRSV,2026-11-18,21.0,1.51,1.6,1.5550000000000002,1.5945576384001203
MRLRSV,2026-11-18,21.5,1.44,1.53,1.4849999999999999,1.5245572074736975
MRLRSV,2026-11-18,22.0,1.38,1.46,1.42,1.459224124397888
MRLRSV,2026-11-18,22.5,1.32,1.4,1.3599999999999999,1.3981020094099483
MRLRSV,2026-11-18,23.0,1.27,1.35,1.31,1.3408112477542193
MRLRSV,2026-11-18,23.5,1.21,1.29,1.25,1.287016294028527
MRLRSV,2026-11-18,24.0,1.17,1.25,1.21,1.2364283719106288
MRLRSV,2026-11-18,24.5,1.12,1.2,1.1600000000000001,1.188787161065615
MRLRSV,2026-11-18,25.0,1.08,1.15,1.115,1.1438648493939096
MRLRSV,2026-11-18,26.0,1.0,1.08,1.04,1.0613656004299434
MRLRSV,2026-11-18,27.0,0.94,1.01,0.975,0.9875053627126529
MRLRSV,2026-11-18,28.0,0.88,0.95,0.915,0.9211094185491574
MRLRSV,2026-11-18,29.0,0.82,0.89,0.855,0.8611995608887821
MRLRSV,2026-11-18,30.0,0.77,0.82,0.7949999999999999,0.8069552506837783
MRLRSV,2026-11-18,31.0,0.73,0.8,0.765,0.7576833193698702
MRLRSV,2026-11-18,32.0,0.69,0.75,0.72,0.7127923797483844
MRLRSV,2026-11-18,33.0,0.65,0.71,0.6799999999999999,0.6717746178924355
MRLRSV,2026-11-18,34.0,0.62,0.68,0.65,0.634196872961944
MRLRSV,2026-11-18,35.0,0.58,0.65,0.615,0.5996877664749426
MRLRSV,2026-11-18,36.0,0.55,0.62,0.585,0.5679186451823056
MRLRSV,2026-11-18,37.0,0.52,0.59,0.5549999999999999,0.5386047997636141
MRLRSV,2026-11-18,38.0,0.5,0.56,0.53,0.511504749970452
MRLRSV,2026-11-18,39.0,0.47,0.54,0.505,0.4863961607394839
MRLRSV,2026-11-18,40.0,0.45,0.51,0.48,0.46308887862219217
MRLRSV,2026-11-18,42.5,0.4,0.46,0.43000000000000005,0.41165081838813733
MRLRSV,2026-11-18,45.0,0.35,0.41,0.38,0.3683167167001628
MRLRSV,2026-11-18,47.5,0.32,0.38,0.35,0.33146875808671267
MRLRSV,2026-11-18,50.0,0.28,0.34,0.31000000000000005,0.29987726190121816
MRLRSV,2026-11-18,55.0,0.23,0.29,0.26,0.24884788430794721
MRLRSV,2026-11-18,60.0,0.2,0.26,0.23,0.20978514886239938
MRLRSV,2026-11-18,65.0,0.17,0.23,0.2,0.17922211046404532
MRLRSV,2026-11-18,70.0,0.14,0.2,0.17,0.15485946668600642
MRLRSV,2026-11-18,75.0,0.11,0.17,0.14,0.13512867596666003
MRLRSV,2026-11-18,80.0,0.09,0.15,0.12,0.11893125516426675
MRLRSV,2026-11-18,85.0,0.08,0.14,0.11000000000000001,0.10546321693724328
MRLRSV,2026-11-18,90.0,0.06,0.12,0.09,0.09415311677609016
MRLRSV,2026-11-18,95.0,0.05,0.11,0.08,0.08456131342597863
MRLRSV,2026-11-18,100.0,0.04,0.1,0.07,0.07635299042332389
MRLRSV,2026-11-18,110.0,0.03,0.09,0.06,0.06313799896734158
MRLRSV,2026-11-18,120.0,0.02,0.08,0.05,0.05306340089347779
MRLRSV,2026-11-18,130.0,0.01,0.07,0.04,0.04520698812332481
MRLRSV,2026-12-16,10.0,8.5,8.7,8.6,8.57120518427154
MRLRSV,2026-12-16,10.5,8.0,8.2,8.1,8.082759956575359
MRLRSV,2026-12-16,11.0,7.5,7.7,7.6,7.597391155594805
MRLRSV,2026-12-16,11.5,7.05,7.2,7.125,7.116235250153389
MRLRSV,2026-12-16,12.0,6.55,6.75,6.65,6.6407818589335985
MRLRSV,2026-12-16,12.5,6.05,6.25,6.15,6.172985610699867
MRLRSV,2026-12-16,13.0,5.6,5.8,5.699999999999999,5.715431577552937
MRLRSV,2026-12-16,13.5,5.15,5.35,5.25,5.271586011772823
MRLRSV,2026-12-16,14.0,4.75,4.9,4.825,4.84616449007804
MRLRSV,2026-12-16,14.5,4.35,4.55,4.449999999999999,4.445581317305027
MRLRSV,2026-12-16,15.0,4.1,4.15,4.125,4.078112929710528
MRLRSV,2026-12-16,16.0,3.4,3.6,3.5,3.4740522211066267
MRLRSV,2026-12-16,17.0,2.99,3.15,3.0700000000000003,3.0419946612143263
MRLRSV,2026-12-16,18.0,2.64,2.76,2.7,2.720509895895378
MRLRSV,2026-12-16,19.0,2.38,2.49,2.435,2.4628201120845583
MRLRSV,2026-12-16,20.0,2.16,2.26,2.21,2.2466078707670207
MRLRSV,2026-12-16,21.0,1.97,2.07,2.02,2.0606335284747037
MRLRSV,2026-12-16,22.0,1.81,1.91,1.8599999999999999,1.8983196283163166
MRLRSV,2026-12-16,23.0,1.67,1.76,1.7149999999999999,1.7552885796369082
MRLRSV,2026-12-16,24.0,1.54,1.64,1.5899999999999999,1.6283556492570699
MRLRSV,2026-12-16,25.0,1.45,1.52,1.4849999999999999,1.5150692010747915
MRLRSV,2026-12-16,26.0,1.33,1.42,1.375,1.4134743771300013
MRLRSV,2026-12-16,27.0,1.24,1.33,1.2850000000000001,1.3219769970585369
MRLRSV,2026-12-16,28.0,1.17,1.25,1.21,1.239257102981905
MRLRSV,2026-12-16,29.0,1.1,1.18,1.1400000000000001,1.1642096896115444
MRLRSV,2026-12-16,30.0,1.03,1.12,1.0750000000000002,1.0959017773344315
MRLRSV,2026-12-16,31.0,0.97,1.06,1.0150000000000001,1.0335401237397015
MRLRSV,2026-12-16,32.0,0.92,1.0,0.96,0.9764462669374832
MRLRSV,2026-12-16,33.0,0.87,0.95,0.9099999999999999,0.9240367878734446
MRLRSV,2026-12-16,34.0,0.83,0.91,0.87,0.8758074968025825
MRLRSV,2026-12-16,35.0,0.79,0.87,0.8300000000000001,0.8313208108367877
MRLRSV,2026-12-16,36.0,0.75,0.83,0.79,0.7901954601725257
MRLRSV,2026-12-16,37.0,0.72,0.79,0.755,0.7520977601537999
MRLRSV,2026-12-16,38.0,0.69,0.76,0.725,0.7167346810559051
MRLRSV,2026-12-16,39.0,0.66,0.73,0.6950000000000001,0.6838481942959086
MRLRSV,2026-12-16,40.0,0.63,0.7,0.665,0.6532100235122067
MRLRSV,2026-12-16,42.5,0.57,0.64,0.605,0.5851777643916303
MRLRSV,2026-12-16,45.0,0.51,0.58,0.5449999999999999,0.5273886345872495
MRLRSV,2026-12-16,47.5,0.46,0.53,0.495,0.4778688743187744
MRLRSV,2026-12-16,50.0,0.42,0.48,0.44999999999999996,0.43510047443243755
MRLRSV,2026-12-16,55.0,0.35,0.41,0.38,0.3653345284167747
MRLRSV,2026-12-16,60.0,0.29,0.36,0.32499999999999996,0.3112720319928749
MRLRSV,2026-12-16,65.0,0.26,0.32,0.29000000000000004,0.268502188533315
MRLRSV,2026-12-16,70.0,0.22,0.28,0.25,0.23406664511500122
MRLRSV,2026-12-16,75.0,0.19,0.25,0.22,0.20591975701652615
MRLRSV,2026-12-16,80.0,0.16,0.22,0.19,0.18260957679391412
MRLRSV,2026-12-16,85.0,0.14,0.2,0.17,0.16308176826588672
MRLRSV,2026-12-16,90.0,0.12,0.18,0.15,0.14655543195397222
MRLRSV,2026-12-16,95.0,0.11,0.17,0.14,0.13244207693673837
MRLRSV,2026-12-16,100.0,0.09,0.15,0.12,0.1202913485110944
MRLRSV,2026-12-16,110.0,0.07,0.13,0.1,0.10055352300433067
MRLRSV,2026-12-16,120.0,0.06,0.11,0.08499999999999999,0.08533668569590871
MRLRSV,2026-12-16,130.0,0.04,0.1,0.07,0.07335284610650165
MRLRSV,2026-12-16,140.0,0.03,0.09,0.06,0.06374304036926012
MRLRSV,2026-12-16,150.0,0.02,0.08,0.05,0.05591680143189065
MRLRSV,2026-12-16,160.0,0.02,0.08,0.05,0.04945692338187752
MRLRSV,2026-12-16,170.0,0.01,0.07,0.04,0.04406142896660372
MRLRSV,2026-12-16,180.0,0.01,0.07,0.04,0.03950792153665133
MRLRSV,2027-01-20,10.0,9.15,9.35,9.25,9.270198871605501
MRLRSV,2027-01-20,10.5,8.65,8.9,8.775,8.78029335108678
MRLRSV,2027-01-20,11.0,8.2,8.4,8.3,8.292386836604315
MRLRSV,2027-01-20,11.5,7.7,7.9,7.800000000000001,7.807393941850629
MRLRSV,2027-01-20,12.0,7.2,7.45,7.325,7.326906838022324
MRLRSV,2027-01-20,12.5,6.75,6.95,6.85,6.85306964127329
MRLRSV,2027-01-20,13.0,6.3,6.5,6.4,6.388654595782883
MRLRSV,2027-01-20,13.5,5.85,6.05,5.949999999999999,5.9372433933711815
MRLRSV,2027-01-20,14.0,5.4,5.65,5.525,5.5034630341513315
MRLRSV,2027-01-20,14.5,5.05,5.25,5.15,5.093086012382061
MRLRSV,2027-01-20,15.0,4.65,4.85,4.75,4.712604323136145
MRLRSV,2027-01-20,16.0,4.05,4.25,4.15,4.068758080191918
MRLRSV,2027-01-20,17.0,3.55,3.75,3.65,3.638615573025284
MRLRSV,2027-01-20,18.0,3.2,3.35,3.2750000000000004,3.308749666817374
MRLRSV,2027-01-20,19.0,2.89,3.05,2.9699999999999998,3.024084516778348
MRLRSV,2027-01-20,20.0,2.63,2.76,2.695,2.7747126581104675
MRLRSV,2027-01-20,21.0,2.42,2.54,2.48,2.5547911388283704
MRLRSV,2027-01-20,22.0,2.23,2.35,2.29,2.360447729498322
MRLRSV,2027-01-20,23.0,2.07,2.18,2.125,2.187996768687463
MRLRSV,2027-01-20,24.0,1.92,2.03,1.9749999999999999,2.0341810046864515
MRLRSV,2027-01-20,25.0,1.79,1.9,1.845,1.8963657694896283
MRLRSV,2027-01-20,26.0,1.67,1.78,1.725,1.7724745553026777
MRLRSV,2027-01-20,27.0,1.57,1.68,1.625,1.6608114109369063
MRLRSV,2027-01-20,28.0,1.48,1.58,1.53,1.5597592808990963
MRLRSV,2027-01-20,29.0,1.39,1.49,1.44,1.4675188506036139
MRLRSV,2027-01-20,30.0,1.31,1.41,1.3599999999999999,1.3825064769852915
MRLRSV,2027-01-20,31.0,1.24,1.34,1.29,1.304487762829601
MRLRSV,2027-01-20,32.0,1.17,1.27,1.22,1.2342103403238467
MRLRSV,2027-01-20,33.0,1.11,1.21,1.1600000000000001,1.1702484862462836
MRLRSV,2027-01-20,34.0,1.06,1.15,1.105,1.1094498059564184
MRLRSV,2027-01-20,35.0,1.01,1.1,1.0550000000000002,1.0531615732553143
MRLRSV,2027-01-20,36.0,0.96,1.05,1.005,1.0033379870595314
MRLRSV,2027-01-20,37.0,0.92,1.0,0.96,0.9552041264510307
MRLRSV,2027-01-20,38.0,0.88,0.96,0.9199999999999999,0.9100391901522306
MRLRSV,2027-01-20,39.0,0.84,0.92,0.88,0.870542920713004
MRLRSV,2027-01-20,40.0,0.8,0.89,0.845,0.8305532118513019
MRLRSV,2027-01-20,42.5,0.72,0.8,0.76,0.7465442698197782
MRLRSV,2027-01-20,45.0,0.66,0.7,0.6799999999999999,0.6719076049870158
MRLRSV,2027-01-20,47.5,0.6,0.67,0.635,0.6102583809504203
MRLRSV,2027-01-20,50.0,0.54,0.62,0.5800000000000001,0.5572867522223953
MRLRSV,2027-01-20,55.0,0.45,0.53,0.49,0.4678334766342364
MRLRSV,2027-01-20,60.0,0.38,0.46,0.42000000000000004,0.39849703728513863
MRLRSV,2027-01-20,65.0,0.33,0.4,0.365,0.34464279972667894
MRLRSV,2027-01-20,70.0,0.28,0.35,0.315,0.30179493709210253
MRLRSV,2027-01-20,75.0,0.25,0.32,0.28500000000000003,0.26358369886880123
MRLRSV,2027-01-20,80.0,0.21,0.28,0.245,0.23518645098842808
MRLRSV,2027-01-20,85.0,0.19,0.26,0.225,0.20852490764078171
MRLRSV,2027-01-20,90.0,0.16,0.23,0.195,0.18989626612350294
MRLRSV,2027-01-20,95.0,0.14,0.21,0.175,0.16985293132956553
MRLRSV,2027-01-20,100.0,0.12,0.19,0.155,0.15292921478166335
MRLRSV,2027-01-20,110.0,0.1,0.17,0.135,0.12959413235837655
MRLRSV,2027-01-20,120.0,0.08,0.14,0.11000000000000001,0.11083420860720956
MRLRSV,2027-01-20,130.0,0.06,0.13,0.095,0.09447297895604041
MRLRSV,2027-01-20,140.0,0.05,0.11,0.08,0.07979788212156393
MRLRSV,2027-01-20,150.0,0.03,0.1,0.065,0.07251310076056111
MRLRSV,2027-01-20,160.0,0.03,0.09,0.06,0.06311820060044902
MRLRSV,2027-01-20,170.0,0.02,0.09,0.055,0.05747066741718379
MRLRSV,2027-01-20,180.0,0.01,0.08,0.045,0.04820179801961985
MRLRSV,2027-01-20,190.0,0.01,0.08,0.045,0.04685359078578495
